{
    "ACF11Password":"2FFE3496BFD3B8BF00A6C2F8EAD82DAF61C468BA329E737031E15D83E2DEEF08",
    "ACF11RDSPassword":"",
    "adminAllowConcurrentLogin":true,
    "adminAllowedIPList":"",
    "adminLoginRequired":true,
    "adminRDSEnabled":"false",
    "adminRDSLoginRequired":"false",
    "adminRDSUserIDRequired":true,
    "adminRootUserID":"admin",
    "adminSalt":"47C30A6F4E25C61466F37453E90FE6AD",
    "adminUserIDRequired":false,
    "ajaxDebugWindowEnabled":false,
    "allowApplicationVarsInServletContext":false,
    "allowExtraAttributesInAttrColl":true,
    "applicationManagement":true,
    "applicationMaximumTimeout":"2,0,0,0",
    "applicationMode":"curr2driveroot",
    "applicationTimeout":"2,0,0,0",
    "blockedExtForFileUpload":"AS,ASP,ASPX,BIN,DMG,CFC,CFM,CFML,CFR,CFSWF,EXE,HBXML,JSP,JSPX,JWS,MXML,PHP,SWC,SWS",
    "CFaaSGeneratedFilesExpiryTime":30,
    "CFFormScriptDirectory":"",
    "chartCacheSize":50,
    "chartCacheTTL":5,
    "chartCacheType":1,
    "clientStorage":"Cookie",
    "clientStorageLocations":{
        "Cookie":{
            "description":"Client based text file.",
            "disableGlobals":false,
            "name":"Cookie",
            "purgeEnable":true,
            "purgeTimeout":10,
            "type":"COOKIE"
        },
        "Registry":{
            "description":"System registry.",
            "disableGlobals":false,
            "name":"Registry",
            "purgeEnable":true,
            "purgeTimeout":90,
            "type":"REGISTRY"
        }
    },
    "compileExtForCFInclude":"*",
    "componentCacheEnabled":true,
    "debuggingEnabled":false,
    "debuggingIPList":"127.0.0.1,0:0:0:0:0:0:0:1,::1",
    "debuggingReportExecutionTimes":true,
    "debuggingReportExecutionTimesMinimum":250,
    "debuggingReportExecutionTimesTemplate":"summary",
    "debuggingShowDatabase":true,
    "debuggingShowException":true,
    "debuggingShowGeneral":true,
    "debuggingShowTrace":true,
    "debuggingShowVariableApplication":false,
    "debuggingShowVariableCGI":true,
    "debuggingShowVariableClient":true,
    "debuggingShowVariableCookie":true,
    "debuggingShowVariableForm":true,
    "debuggingShowVariableRequest":false,
    "debuggingShowVariables":true,
    "debuggingShowVariableServer":false,
    "debuggingShowVariableSession":true,
    "debuggingShowVariableURL":true,
    "debuggingTemplate":"/WEB-INF/debug/classic.cfm",
    "disableInternalCFJavaComponents":false,
    "disallowUnamedAppScope":false,
    "dotNetClientPort":"6098",
    "dotNetInstallDir":"Z:\\cfusion\\jnbridge",
    "dotNetPort":"6097",
    "dotNetProtocol":"tcp",
    "dotNotationUpperCase":true,
    "errorStatusCode":true,
    "eventGatewayConfigurations":[
        {
            "killontimeout":true,
            "starttimeout":30,
            "type":"SMS",
            "class":"coldfusion.eventgateway.sms.SMSGateway",
            "description":"Handles SMS text messaging"
        },
        {
            "killontimeout":true,
            "starttimeout":30,
            "type":"XMPP",
            "class":"coldfusion.eventgateway.im.XMPPGateway",
            "description":"Handles XMPP instant messaging"
        },
        {
            "killontimeout":true,
            "starttimeout":30,
            "type":"SAMETIME",
            "class":"coldfusion.eventgateway.im.SAMETIMEGateway",
            "description":"Handles Lotus SAMETIME instant messaging"
        },
        {
            "killontimeout":true,
            "starttimeout":30,
            "type":"DirectoryWatcher",
            "class":"examples.watcher.DirectoryWatcherGateway",
            "description":"Watches a directory for file changes"
        },
        {
            "killontimeout":true,
            "starttimeout":30,
            "type":"Socket",
            "class":"examples.socket.SocketGateway",
            "description":"Listens on a socket"
        },
        {
            "killontimeout":true,
            "starttimeout":30,
            "type":"CFML",
            "class":"coldfusion.eventgateway.cfml.CfmlGateway",
            "description":"Handles asynchronous events through CFCs"
        },
        {
            "killontimeout":true,
            "starttimeout":30,
            "type":"JMS",
            "class":"examples.JMS.JMSGateway",
            "description":"Handles Java Messaging Service messages"
        },
        {
            "killontimeout":true,
            "starttimeout":30,
            "type":"ActiveMQ",
            "class":"examples.ActiveMQ.JMSGateway",
            "description":"Handles Apache ActiveMQ JMS messages"
        },
        {
            "killontimeout":false,
            "starttimeout":30,
            "type":"DataServicesMessaging",
            "class":"coldfusion.eventgateway.flex.FlexMessagingGateway",
            "description":"Handles Data Services Messaging messages"
        },
        {
            "killontimeout":true,
            "starttimeout":30,
            "type":"FMS",
            "class":"coldfusion.eventgateway.fms.FMSGateway",
            "description":"Handles Flash Media Server shared objects"
        },
        {
            "killontimeout":true,
            "starttimeout":30,
            "type":"DataManagement",
            "class":"coldfusion.eventgateway.flex.FlexDataManagementGateway",
            "description":"Notifies Data Management Services of data changes"
        }
    ],
    "eventGatewayEnabled":false,
    "eventGatewayInstances":[
        {
            "mode":"MANUAL",
            "cfcPaths":[
                "{cf.rootdir}/gateway/cfc/examples/menu/main.cfc"
            ],
            "configurationPath":"{cf.rootdir}/gateway/config/sms-test.cfg",
            "gatewayId":"SMS Menu App - 5551212",
            "type":"SMS"
        }
    ],
    "eventGatewayMaxQueueSize":25000,
    "eventGatewayThreadpoolSize":10,
    "FlashRemotingEnable":true,
    "flexDataServicesEnable":false,
    "generalErrorTemplate":"default",
    "googleMapKey":"",
    "inMemoryFileSystemAppLimit":20,
    "inMemoryFileSystemEnabled":true,
    "inMemoryFileSystemLimit":100,
    "inspectTemplate":"always",
    "logCORBACalls":false,
    "logFilesDisabled":[],
    "logMaxArchives":"10",
    "logMaxFileSize":5000,
    "logSlowRequestsEnabled":false,
    "logSlowRequestsThreshold":30,
    "logSysLogEnabled":false,
    "mailConnectionTimeout":60,
    "mailDefaultEncoding":"UTF-8",
    "mailLogEnabled":false,
    "mailLogSeverity":"warning",
    "mailSpoolInterval":15,
    "maxCFCFunctionRequests":15,
    "maxCFThreads":10,
    "maxFlashRemotingRequests":5,
    "maxOutputBufferSize":1024,
    "maxReportRequests":8,
    "maxTemplateRequests":25,
    "maxWebServiceRequests":5,
    "missingErrorTemplate":"default",
    "monitoringServiceHost":"0.0.0.0",
    "monitoringServicePort":"5500",
    "nullSupport":false,
    "ORMSearchIndexDirectory":"",
    "PDFServiceManagers":{
        "localhost":{
            "engine":"WebKit",
            "hostname":"127.0.0.1",
            "isEnabled":true,
            "isHTTPS":false,
            "isLocal":true,
            "port":8993,
            "weight":2
        }
    },
    "perAppSettingsEnabled":true,
    "postParametersLimit":100,
    "postSizeLimit":20,
    "queryCacheSize":100,
    "QueryInternalCacheEnabled":false,
    "requestQueueTimeout":60,
    "requestQueueTimeoutPage":"",
    "requestTimeout":"0,0,0,60",
    "requestTimeoutEnabled":true,
    "RMISSLEnable":false,
    "RMISSLKeystore":"",
    "robustExceptionEnabled":false,
    "sandboxEnabled":false,
    "saveClassFiles":false,
    "schedulerClusterDatasource":"",
    "schedulerLogFileExtensions":"log,txt",
    "schedulerLoggingEnabled":false,
    "scriptProtect":"FORM,URL,COOKIE,CGI",
    "secureJSON":false,
    "secureJSONPrefix":"//",
    "secureProfileEnabled":false,
    "serverCFC":"Server",
    "serverCFCEenabled":false,
    "sessionCookieDisableUpdate":false,
    "sessionCookieHTTPOnly":true,
    "sessionCookieSamesite":"",
    "sessionCookieSecure":false,
    "sessionCookieTimeout":946080000,
    "sessionManagement":true,
    "sessionMaximumTimeout":"2,0,0,0",
    "sessionStorageHost":"",
    "sessionStorageLocation":"memory",
    "sessionStoragePassword":"",
    "sessionStoragePort":0,
    "sessionStorageTimeout":2000,
    "sessionTimeout":"0,0,20,0",
    "sessionType":"cfml",
    "templateCacheSize":1024,
    "throttleThreshold":4,
    "totalThrottleMemory":200,
    "UDFTypeChecking":false,
    "updateCheckOnLoginEnable":"false",
    "updateCheckOnScheduleDays":"10",
    "updateCheckOnScheduleEnable":"false",
    "updateCheckOnScheduleFromAddress":"",
    "updateCheckOnScheduleToAddress":"",
    "updateProxyHost":"",
    "updateProxyPassword":"",
    "updateProxyPort":0,
    "updateProxyUsername":"",
    "updateSiteURL":"https://www.adobe.com/go/coldfusion-updates",
    "useUUIDForCFToken":true,
    "watchConfigFilesForChangesEnabled":false,
    "watchConfigFilesForChangesExtensions":"xml,properties",
    "watchConfigFilesForChangesInterval":120,
    "websocketEnabled":true,
    "whitespaceManagement":"smart"
}