{
    "name":"WireBox DI/AOP",
    "version":"4.3.0+188",
    "location":"http://downloads.ortussolutions.com/ortussolutions/wirebox/4.3.0/wirebox-4.3.0.zip",
    "author":"Ortus Solutions <info@ortussolutions.com>",
    "slug":"wirebox",
    "type":"di",
    "packageDirectory":"wirebox",
    "keywords":"di,aop,dependeny injection,ioc",
    "homepage":"https://www.coldbox.org",
    "documentation":"https://wirebox.ortusbooks.com",
    "repository":{
        "type":"git",
        "url":"https://github.com/coldbox/coldbox-platform"
    },
    "bugs":"https://ortussolutions.atlassian.net/browse/WIREBOX",
    "shortDescription":"AOP and Dependency Injection Framework",
    "engines":[
        {
            "type":"adobe",
            "version":">9.0.2"
        },
        {
            "type":"lucee",
            "version":">4.5"
        }
    ],
    "license":[
        {
            "type":"Apache2",
            "url":"http://www.apache.org/licenses/LICENSE-2.0.html"
        }
    ],
    "contributors":[
        "Brad Wood <bdw429s@gmail.com>",
        "Curt Gratz <gratz@computerknowhow.com>"
    ],
    "ignore":[
        "**/.*",
        "tests",
        "apidocs",
        "*/.md"
    ]
}